"Code","Description"
"A","Agriculture, sylviculture et pêche"
"01","Culture et production animale, chasse et activités de services connexes"
"011","Cultures temporaires"
"0111","Culture de céréales (à l’exception du riz), de légumineuses et de graines oléagineuses"
"0112","Culture du riz"
"0113","Culture de légumes et de melons, de racines et tubercules"
"0114","Culture de canne à sucre"
"0115","Culture de tabac"
"0116","Culture de plantes à fibres textiles"
"0119","Autres cultures temporaires"
"012","Cultures permanentes"
"0121","Culture de raisin"
"0122","Culture de fruits tropicaux et subtropicaux"
"0123","Culture d’agrumes"
"0124","Culture de fruits à pépins et de fruits à noyaux"
"0125","Culture d’autres fruits sur arbres et arbustes, et de fruits à coque"
"0126","Culture de fruits oléagineux"
"0127","Culture de plantes pour boisson"
"0128","Culture de plantes pour épices, de plantes aromatiques et de planres pour médicaments et produits pharmaceutiques"
"0129","Autres cultures permanentes"
"013","Prolifération végétale"
"0130","Prolifération végétale"
"014","Production animale"
"0141","Élevage de bovins et de buffles"
"0142","Élevage de chevaux et autres équidés"
"0143","Élevage de chameaux et autres camélidés"
"0144","Élevage de moutons et de chèvres"
"0145","Élevage de porcins"
"0146","Élevage de volailles"
"0149","Élevage d’autres animaux"
"015","Exploitation mixte"
"0150","Exploitation mixte"
"016","Activités d’appui à l’agriculture et activités consécutives à la récolte"
"0161","Activités d’appui à la culture"
"0162","Activités d’appui à la production animale"
"0163","Activités consécutives à la récolte"
"0164","Préparation des semences aux fins de propagation"
"017","Chasse, piégeage et activités de services connexes"
"0170","Chasse, piégeage et activités de services connexes"
"02","Sylviculture et exploitation forestière"
"021","Sylviculture et autres activités d’exploitation forestière"
"0210","Sylviculture et autres activités d’exploitation forestière"
"022","Exploitation forestière"
"0220","Exploitation forestière"
"023","Récolte de produits forestiers autres que le bois"
"0230","Récolte de produits forestiers autres que le bois"
"024","Services d’appui à la sylviculture"
"0240","Services d’appui à la sylviculture"
"03","Pêche et aquaculture"
"031","Pêche"
"0311","Pêche en mer"
"0312","Pêche en eau douce"
"032","Aquaculture"
"0321","Aquaculture en mer"
"0322","Aquaculture en eau douce"
"B","Activités extractives"
"05","Extraction de charbon et de lignite"
"051","Extraction de houille"
"0510","Extraction de houille"
"052","Extraction de lignite"
"0520","Extraction de lignite"
"06","Extraction de pétrole brut et de gaz naturel"
"061","Extraction de pétrole brut"
"0610","Extraction de pétrole brut"
"062","Extraction de gaz naturel"
"0620","Extraction de gaz naturel"
"07","Extraction de minerais métalliques"
"071","Extraction de minerais métalliques"
"0710","Extraction de minerais métalliques"
"072","Extraction de métaux non ferreux"
"0721","Extraction de minerais d’uranium et de thorium"
"0729","Extraction de minerais et d’autres métaux non ferreux"
"08","Autres activités extractives"
"081","Extraction de pierres, de sables et d’argiles"
"0810","Extraction de pierres, de sables et d’argiles"
"089","Activités extractives, n.c.a."
"0891","Extraction de minerais pour l’industrie chimique et d’engrais naturels"
"0892","Extraction de tourbe"
"0893","Extraction de sel"
"0899","Autres activités extractives, n.c.a."
"09","Activités annexes de l’extraction"
"091","Activités annexes à l’extraction depétrole et de gaz naturel"
"0910","Activités annexes à l’extraction depétrole et de gaz naturel"
"099","Activités annexes d’autres activités extractives"
"0990","Activités annexes d’autres activités extractives"
"C","Activités de fabrication"
"10","Fabrication de produits alimentaires et de boissons"
"101","Traitement et conservation de viande"
"1010","Traitement et conservation de viande"
"102","Traitement et conservation de poissons, crustacés et mollusques"
"1020","Traitement et conservation de poissons, crustacés et mollusques"
"103","Traitement et conservation de fruits et légumes"
"1030","Traitement et conservation de fruits et légumes"
"104","Fabrication d’huiles et graisses végétales et animales"
"1040","Fabrication d’huiles et graisses végétales et animales"
"105","Fabrication de produits laitiers"
"1050","Fabrication de produits laitiers"
"106","Travail des grains et fabrication de produits amylacés"
"1061","Travail des grains"
"1062","Fabrication de produits amylacés"
"107","Fabrication d’autres produits alimentaires"
"1071","Boulangerie, pâtisserie, biscuiterie"
"1072","Fabrication de sucre"
"1073","Fabrication de cacao, chocolat et confiserie"
"1074","Fabrication de pâtes alimentaires, de couscous et de produits farineux similaires"
"1075","Fabrication de plats préparés"
"1079","Fabrication d’autres produits alimentaires, n.c.a."
"108","Fabrication d’aliments pour animaux"
"1080","Fabrication d’aliments pour animaux"
"11","Fabrication de boissons"
"110","Fabrication de boissons"
"1101","Distillation, rectification et mélange de spiritueux"
"1102","Fabrication de vins"
"1103","Fabrication de boissons alcoolisées à base de malt; production de malt"
"1104","Fabrication de boissons non alcoolisées; production d’eaux minérales et autres eaux en bouteille"
"12","Fabrication de produits à base de tabac"
"120","Fabrication de produits à base de tabac"
"1200","Fabrication de produits à base de tabac"
"13","Fabrication de textiles"
"131","Filature, tissage et achèvement des textiles"
"1311","Préparation et filature des fibres textiles"
"1312","Tissage des textiles"
"1313","Achèvement des textiles"
"139","Fabrication d’autres articles textiles"
"1391","Fabrication d’étoffes et d’articles de bonneterie"
"1392","Fabrication d’articles confectionnés en textiles, sauf l’habillement"
"1393","Fabrication de tapis et carpettes"
"1394","Fabrication de cordes, câbles, ficelles et filets"
"1399","Fabrication d’articles textiles, n.c.a."
"14","Fabrication d’articles d’habillement"
"141","Fabrication d’articles d’habillement autre qu’en fourrure"
"1410","Fabrication d’articles d’habillement autre qu’en fourrure"
"142","Fabrication d’articles en fourrure"
"1420","Fabrication d’articles en fourrure"
"143","Fabrication d’articles de bonneterie"
"1430","Fabrication d’articles de bonneterie"
"15","Fabrication de cuir et d’articles de cuir"
"151","Apprêt et tannage des cuirs; fabrication d’articles de voyage et de maroquinerie, d’articles de sellerie et de bourrellerie; préparation et teinture des fourrures"
"1511","Apprêt et tannage des cuirs; préparation et teinture des fourrures"
"1512","Fabrication d’articles de voyage et de maroquinerie, d’articles de sellerie et de bourrellerie"
"152","Fabrication de chaussures"
"1520","Fabrication de chaussures"
"16","Production de bois et d’articles en bois et en liège (sauf fabrication de meubles); fabrication d’articles de vannerie et de sparterie"
"161","Sciage et rabotage du bois"
"1610","Sciage et rabotage du bois"
"162","Fabrication d’articles en bois, liège, vannerie et sparterie"
"1621","Fabrication de feuilles de placage et de panneaux à base de bois"
"1622","Fabrication d’ouvrages de charpenterie et de menuiserie du bâtiment"
"1623","Fabrication d’emballages en bois"
"1629","Fabrication d’autres ouvrages en bois; fabrication d’ouvrages en liège, vannerie et sparterie"
"17","Fabrication de papier et d’articles en papier"
"170","Fabrication de papier et d’articles en papier"
"1701","Fabrication de pâte, de papier et de carton"
"1702","Fabrication de papier et carton ondulés et d’emballages en papier et carton"
"1709","Fabrication d’autres articles en papier et carton"
"18","Imprimerie et reproduction de supports enregistrés"
"181","Imprimerie et activités annexes"
"1811","Imprimerie"
"1812","Activités annexes à l’imprimerie"
"182","Reproduction de supports enregistrés"
"1820","Reproduction de supports enregistrés"
"19","Cokéfaction et fabrication de produits pétroliers raffinés"
"191","Cokéfaction"
"1910","Cokéfaction"
"192","Production de produits pétroliers raffinés"
"1920","Production de produits pétroliers raffinés"
"20","Fabrication de produits chimiques"
"201","Fabrication de produits chimiques de base, d’engrais et de produits azotés, de matières plastiques et de caoutchouc synthétique sous formes primaires"
"2011","Fabrication de produits chimiques de base"
"2012","Fabrication d’engrais et de produits azotés"
"2013","Fabrication de matières plastiques et de caoutchouc synthétique sous formes primaires"
"202","Fabrication d’autres produits chimiques"
"2021","Fabrication de pesticides et d’autres produits agrochimiques"
"2022","Fabrication de peintures, vernis et produits similaires, d’encres d’imprimerie et de mastics"
"2023","Fabrication de savons et détergents, de produits d’entretien, de parfums et de produits pour la toilette"
"2029","Fabrication d’autres produits chimiques, n.c.a."
"203","Fabrication de fibres synthétiques ou artificielles"
"2030","Fabrication de fibres synthétiques ou artificielles"
"21","Fabrication de préparations pharmaceutiques, de produits chimiques à usage médicinal et de produits d’herboristerie"
"210","Fabrication de préparations pharmaceutiques, de produits chimiques à usage médicinal et de produits d’herboristerie"
"2100","Fabrication de préparations pharmaceutiques, de produits chimiques à usage médicinal et de produits d’herboristerie"
"22","Fabrication d’articles en caoutchouc et en matières plastiques"
"221","Fabrication de produits en caoutchouc"
"2211","Fabrication de pneumatiques et de chambres à air; rechapage et resculptage de pneumatiques"
"2219","Fabrication d’autres articles en caoutchouc"
"222","Fabrication d’articles en matières plastiques"
"2220","Fabrication d’articles en matières plastiques"
"23","Fabrication d’autres produits minéraux non métalliques"
"231","Fabrication de verre et d’articles en verre"
"2310","Fabrication de verre et d’articles en verre"
"239","Fabrication de produits minéraux non métalliques, n.c.a."
"2391","Fabrication de produits réfractaires"
"2392","Fabrication de matériaux de construction en argile"
"2393","Fabrication d’autres articles en porcelaine et en céramique"
"2394","Fabrication de ciment, chaux et plâtre"
"2395","Fabrication d’ouvrages en béton, en ciment et en plâtre"
"2396","Taille, façonnage et finissage de la pierre"
"2399","Fabrication d’autres produits minéraux non métalliques, n.c.a."
"24","Fabrication de produits métallurgiques de base"
"241","Sidérurgie et première transformation de l’acier"
"2410","Sidérurgie et première transformation de l’acier"
"242","Métallurgie et première transformation des métaux précieux et des métaux non ferreux"
"2420","Métallurgie et première transformation des métaux précieux et des métaux non ferreux"
"243","Fonderie"
"2431","Fonderie de métaux ferreux"
"2432","Fonderie de métaux non ferreux"
"25","Fabrication d’ouvrages en métaux (sauf machines et matériel)"
"251","Construction et menuiserie métalliques; fabrication de citernes, réservoirs et générateurs de vapeur"
"2511","Construction et menuiserie métalliques"
"2512","Fabrication de réservoirs, citernes et conteneurs métalliques"
"2513","Fabrication de générateurs de vapeur (sauf chaudières de chauffage central à eau chaude)"
"252","Fabrication d’armes et de munitions"
"2520","Fabrication d’armes et de munitions"
"259","Fabrication d’autres ouvrages en métaux; activités de services du travail des métaux"
"2591","Forgeage, emboutissage, estampage et profilage du métal; métallurgie des poudres"
"2592","Traitement et revêtement des métaux; façonnage"
"2593","Fabrication de coutellerie, d’outils à main et de quincaillerie générale"
"2599","Fabrication d’ouvrages en métaux, n.c.a."
"26","Fabrication d’ordinateurs, d’articles électroniques et optiques"
"261","Fabrication de composants électroniques et de dispositifs d’affichage"
"2610","Fabrication de composants électroniques et de dispositifs d’affichage"
"262","Fabrication d’ordinateurs et de matériel périphérique"
"2620","Fabrication d’ordinateurs et de matériel périphérique"
"263","Fabrication de matériel de communication"
"2630","Fabrication de matériel de communication"
"264","Fabrication de matériel électronique grand public"
"2640","Fabrication de matériel électronique grand public"
"265","Fabrication de matériel pour la mesure, la vérification, la navigation et le contrôle; horlogerie"
"2651","Fabrication de matériel pour la mesure, la vérification, la navigation et le contrôle"
"2652","Fabrication d’horlogerie"
"266","Fabrication de matériel d’irradiation, électromédical et électrothérapeutique."
"2660","Fabrication de matériel d’irradiation, électromédical et électrothérapeutique."
"267","Fabrication d’instruments d’optique et de matériel photographique"
"2670","Fabrication d’instruments d’optique et de matériel photographique"
"268","Fabrication de supports magnétiques et optiques"
"2680","Fabrication de supports magnétiques et optiques"
"27","Fabrication de matériels électriques"
"271","Fabrication de moteurs, génératrices et transformateurs électriques, de matériel électrique de distribution et de commandes"
"2710","Fabrication de moteurs, génératrices et transformateurs électriques, de matériel électrique de distribution et de commandes"
"272","Fabrication de batteries et d’accumulateurs"
"2720","Fabrication de batteries et d’accumulateurs"
"273","Fabrication de câbles et dispositifs de câblage"
"2731","Fabrication de câbles de fibres optiques"
"2732","Fabrication d’autres fils et câbles électroniques et électriques"
"2733","Fabrication de dispositifs de câblage"
"274","Fabrication d’appareils électriques d’éclairage"
"2740","Fabrication d’appareils électriques d’éclairage"
"275","Fabrication d’appareils ménagers"
"2750","Fabrication d’appareils ménagers"
"279","Fabrication d’autres matériels électriques"
"2790","Fabrication d’autres matériels électriques"
"28","Fabrication de machines et de matériel, n.c.a."
"281","Fabrication de machines d’usage général"
"2811","Fabrication de moteurs et de turbines, sauf moteurs pour avions, automobiles et motocycles"
"2812","Fabrication de matériel hydraulique"
"2813","Fabrication d’autres pompes, compresseurs, et articles de robinetterie"
"2814","Fabrication de paliers, d’engrenages et d’organes mécaniques de transmission"
"2815","Fabrication de fours et de brûleurs"
"2816","Fabrication de matériel de levage et de manutention"
"2817","Fabrication de machines et de matériel de bureau (à l’exception des ordinateurs et du matériel périphérique)"
"2818","Fabrication d’outils à main à entraînement mécanique"
"2819","Fabrication d’autres machines d’usage général"
"282","Fabrication de machines d’usage spécifique"
"2821","Fabrication de machines agricoles et forestières"
"2822","Fabrication de machines pour le travail des métaux et de machines-outils"
"2823","Fabrication de machines pour la métallurgie"
"2824","Fabrication de machines pour les mines, les carrières et la construction"
"2825","Fabrication de machines pour le traitement des produits alimentaires, des boissons et du tabac"
"2826","Fabrication de machines pour les industries du textile, de l’habillement et des cuirs"
"2829","Fabrication d’autres machines d’usage spécifique"
"29","Construction de véhicules automobiles, de remorques et semi-remorques"
"291","Construction de véhicules automobiles"
"2910","Construction de véhicules automobiles"
"292","Fabrication de carrosseries pour véhicules automobiles; fabrication de remorques et de semi-remorques"
"2920","Fabrication de carrosseries pour véhicules automobiles; fabrication de remorques et de semi-remorques"
"293","Fabrication de pièces et accessoires pour véhicules automobiles et leurs moteurs"
"2930","Fabrication de pièces et accessoires pour véhicules automobiles et leurs moteurs"
"30","Fabrication d’autres matériels de transport"
"301","Construction de navires et de bateaux"
"3011","Construction de navires et d’engins flottants"
"3012","Construction de bateaux de plaisance et de sport"
"302","Fabrication de matériel ferroviaire roulant"
"3020","Fabrication de matériel ferroviaire roulant"
"303","Construction aéronautique et spatiale et de matériel connexe"
"3030","Construction aéronautique et spatiale et de matériel connexe"
"304","Fabrication de véhicules militaires de combat"
"3040","Fabrication de véhicules militaires de combat"
"309","Fabrication de matériels de transport, n.c.a."
"3091","Fabrication de motocycles"
"3092","Fabrication de bicycles et de véhicules pour invalides"
"3099","Fabrication d’autres matériels de transport, n.c.a."
"31","Fabrication de meubles"
"310","Fabrication de meubles"
"3100","Fabrication de meubles"
"32","Autres activités de fabrication"
"321","Fabrication de bijouterie et d’articles similaires"
"3211","Fabrication de bijouterie et d’articles similaires"
"3212","Fabrication de bijouterie de fantaisie et d’articles similaires"
"322","Fabrication d’instruments de musique"
"3220","Fabrication d’instruments de musique"
"323","Fabrication d’articles de sport"
"3230","Fabrication d’articles de sport"
"324","Fabrication de jeux et jouets"
"3240","Fabrication de jeux et jouets"
"325","Fabrication d’instruments et appareils médicaux et dentaires"
"3250","Fabrication d’instruments et appareils médicaux et dentaires"
"329","Autres activités de fabrication, n.c.a."
"3290","Autres activités de fabrication, n.c.a."
"33","Réparation et installation de machines et de matériel"
"331","Réparation d’ouvrages en métaux, de machines et matériel"
"3311","Réparation d’ouvrages en métaux"
"3312","Réparation de machines"
"3313","Réparation de matériel électronique et optique"
"3314","Réparation de matériel électrique"
"3315","Réparation de matériel de transport, à l’exception des véhicules à moteur"
"3319","Réparation d’autres matériels"
"332","Installation de machines et de matériel pour l’industrie"
"3320","Installation de machines et de matériel pour l’industrie"
"D","Production et distribution d’électricité, de gaz, de vapeur et climatisation"
"35","Production et distribution d’électricité, de gaz, de vapeur et climatisation"
"351","Production, transport et distribution d’électricité"
"3510","Production, transport et distribution d’électricité"
"352","Fabrication de gaz, distribution par conduites de combustibles gazeux"
"3520","Fabrication de gaz, distribution par conduites de combustibles gazeux"
"353","Production et distribution de vapeur et climatisation"
"3530","Production et distribution de vapeur et climatisation"
"E","Distribution d’eau; réseau d’assainissement; gestion des déchets et activités de remise en état"
"36","Collecte et traitement des eaux, distribution d’eau"
"360","Collecte et traitement des eaux, distribution d’eau"
"3600","Collecte et traitement des eaux, distribution d’eau"
"37","Réseau d’assainissement"
"370","Réseau d’assainissement"
"3700","Réseau d’assainissement"
"38","Collecte des déchets, activités de traitement et d’évacuation; récupération des matières"
"381","Collecte des déchets"
"3811","Collecte de déchets non dangereux"
"3812","Collecte de déchets dangereux"
"382","Traitement et évacuation des déchets"
"3821","Traitement et évacuation des déchets non dangereux"
"3822","Traitement et évacuation des déchets dangereux"
"383","Récupération des matières"
"3830","Récupération des matières"
"39","Activités de remise en état et autres services de traitement des déchets"
"390","Activités de remise en état et autres services de traitement des déchets"
"3900","Activités de remise en état et autres services de traitement des déchets"
"F","Construction"
"41","Construction de bâtiments"
"410","Construction de bâtiments"
"4100","Construction de bâtiments"
"42","Génie civil"
"421","Construction de routes et de voies ferrées"
"4210","Construction de routes et de voies ferrées"
"422","Projets d’installation d’équipements collectifs"
"4220","Projets d’installation d’équipements collectifs"
"429","Autres projets de génie civil"
"4290","Autres projets de génie civil"
"43","Activités de construction spécialisées"
"431","Démolition et préparation des sites"
"4311","Démolition"
"4312","Préparation des sites"
"432","Travaux d’installations d’électricité et de plomberie et autres travaux d’installation"
"4321","Installation d’électricité"
"4322","Installation de matériel de plomberie, chauffage et climatisation"
"4329","Autres travaux d’installation"
"433","Travaux de finition"
"4330","Travaux de finition"
"439","Autres activités de construction spécialisées"
"4390","Autres activités de construction spécialisées"
"G","Commerce de gros et de détail, réparations de véhicules automobiles et de motocycles"
"45","Commerce de gros et de détail, réparation de véhicules automobiles et de motocycles"
"451","Vente de véhicules automobiles"
"4510","Vente de véhicules automobiles"
"452","Entretien et réparation de véhicules automobiles"
"4520","Entretien et réparation de véhicules automobiles"
"453","Commerce de pièces et accessoires de véhicules automobiles"
"4530","Commerce de pièces et accessoires de véhicules automobiles"
"454","Commerce, entretien et réparation de motocycles et de leurs pièces et accessoires"
"4540","Commerce, entretien et réparation de motocycles et de leurs pièces et accessoires"
"46","Commerce de gros à l’exception des véhicules automobiles et des motocycles"
"461","Activités d’intermédiaires de commerce de gros"
"4610","Activités d’intermédiaires de commerce de gros"
"462","Commerce de gros de produits agricoles bruts et d’animaux vivants"
"4620","Commerce de gros de produits agricoles bruts et d’animaux vivants"
"463","Commerce de gros de produits alimentaires, boissons et tabac"
"4630","Commerce de gros de produits alimentaires, boissons et tabac"
"464","Commerce de gros d’articles de ménage"
"4641","Commerce de gros de textiles, habillement et chaussures"
"4649","Commerce de gros d’autres articles de ménage"
"465","Commerce de gros de machines, équipements et fournitures"
"4651","Commerce de gros d’ordinateurs, de matériel périphérique et de logiciels d’ordinateurs"
"4652","Commerce de gros de parties et d’équipements électroniques et de télécommunication"
"4653","Commerce de gros de machines, équipement et fournitures agricoles"
"4659","Commerces de gros d’autres machines et équipements"
"466","Autres commerces de gros spécialisés"
"4661","Commerce de gros de combustibles solides, liquides et gazeux et de produits dérivés"
"4662","Commerce de gros de métaux et de minerais métalliques"
"4663","Commerce de gros de matériaux de construction et d’équipement, et fournitures de quincaillerie, plomberie et chauffage"
"4669","Commerce de gros de déchets et débris et autres produits, n.c.a."
"469","Commerce de gros non spécialisé"
"4690","Commerce de gros non spécialisé"
"47","Commerce de détail à l’exception des véhicules automobiles et des motocycles"
"471","Commerce de détail en magasins non spécialisés"
"4711","Commerce de détail en magasins non spécialisés, avec vente prédominante de produits alimentaires, boissons et tabacs"
"4719","Autres commerces de détail en magasins non spécialisés"
"472","Commerce de détail de produits alimentaires, boissons et tabacs en magasins spécialisés"
"4721","Commerce de détail de produits alimentaires en magasins spécialisés"
"4722","Commerce de détail de boissons en magasins spécialisés"
"4723","Commerce de détail de tabacs en magasins spécialisés"
"473","Commerce de détail de carburants automobiles en magasins spécialisés"
"4730","Commerce de détail de carburants automobiles en magasins spécialisés"
"474","Commerce de détail d’équipement d’information et de communication en magasins spécialisés"
"4741","Commerce de détail d’ordinateurs, d’unités périphériques, de logiciels et de matériel de télécommunications en magasins spécialisés"
"4742","Commerce de détail de matériel audio et vidéo en magasins spécialisés"
"475","Commerce de détail d’autres équipements ménagers en magasins spécialisés"
"4751","Commerce de détail de textiles en magasins spécialisés"
"4752","Commerce de détail de quincaillerie, peinture et verrerie en magasins spécialisés"
"4753","Commerce de détail de moquette, tapis, revêtements de murs et sols en magasins spécialisés"
"4759","Commerce de détail d’appareils électroménagers, de meubles de maison, d’articles d’éclairage et d’autres articles ménagers en magasins spécialisés."
"476","Commerce de détail d’articles pour la culture et les loisirs, en magasins spécialisés"
"4761","Commerce de détail de livres, journaux et articles de papeterie en magasins spécialisés"
"4762","Commerce de détail d’enregistrements musicaux et vidéo en magasins spécialisés"
"4763","Commerce de détail de matériel pour le sport en magasins spécialisés"
"4764","Commerce de détail de jeux et jouets en magasins spécialisés"
"477","Commerce de détail d’autres articles en magasins spécialisés"
"4771","Commerce de détail de vêtements, de chaussures et d’articles de cuir en magasins spécialisés"
"4772","Commerce de détail de produits pharmaceutiques et médicaux, de produits de beauté et d’articles de toilette"
"4773","Autres commerces de détail d’articles neufs en magasins spécialisés"
"4774","Vente de détail d’articles d’occasion"
"478","Vente de détail sur éventaires et marchés"
"4781","Vente de détail sur éventaires et marchés de produits alimentaires, boissons et tabac"
"4782","Vente de détail sur éventaires et marchés de textiles, habillement et chaussures"
"4789","Vente de détail sur éventaires et marchés d’autres articles"
"479","Vente de détail autre qu’en magasins, éventaires ou marchés"
"4791","Vente de détail par les entreprises de vente par correspondance, ou sur Internet"
"4799","Autres commerces de détail autres qu’en magasin, sur éventaires ou marchés"
"H","Transport et entreposage"
"49","Transports terrestres, transport par conduites"
"491","Transports par chemin de fer"
"4911","Transport de voyageurs par chemin de fer interurbain"
"4912","Transport de marchandises par chemin de fer"
"492","Autres transports terrestres"
"4921","Transports terrestres de voyageurs par des réseaux urbains et suburbains"
"4922","Autres transports terrestres de voyageurs"
"4923","Transports routiers de marchandises"
"493","Transports par conduites"
"4930","Transports par conduites"
"50","Transports par eau"
"501","Transports maritimes et côtiers"
"5011","Transports maritimes et côtiers de voyageurs"
"5012","Transports maritimes et côtiers de marchandises"
"502","Transports par voies navigables intérieures"
"5021","Transport de voyageurs par voies navigables intérieures"
"5022","Transport de marchandises par voies navigables intérieures"
"51","Transports aériens"
"511","Transport aérien de voyageurs"
"5110","Transport aérien de voyageurs"
"512","Transport aérien de marchandises"
"5120","Transport aérien de marchandises"
"52","Magasinage et activités annexes des transports"
"521","Magasinage et entreposage"
"5210","Magasinage et entreposage"
"522","Activités annexes des transports"
"5221","Activités de services annexes des transports terrestres"
"5222","Activités de services annexes des transports par eau"
"5223","Activités de services annexes des transports aériens"
"5224","Manutention"
"5229","Autres activités annexes des transports"
"53","Activités de poste et de courrier"
"531","Activités de poste"
"5310","Activités de poste"
"532","Activités de courrier"
"5320","Activités de courrier"
"I","Activités d’hébergement et de restauration"
"55","Hébergement"
"551","Activités d’hébergement temporaire"
"5510","Activités d’hébergement temporaire"
"552","Terrains de camping, parcs pour véhicules de loisirs et caravanes"
"5520","Terrains de camping, parcs pour véhicules de loisirs et caravanes"
"559","Autres activités d’hébergement"
"5590","Autres activités d’hébergement"
"56","Activités de services de restauration et de consommation de boissons"
"561","Activités de restaurants et de services de restauration mobiles"
"5610","Activités de restaurants et de services de restauration mobiles"
"562","Activités de restauration en kiosque et autres activités de services de restauration"
"5621","Activités de restauration en kiosque"
"5629","Autres activités de services de restauration"
"563","Activités de consommation de boissons"
"5630","Activités de consommation de boissons"
"J","Information et communication"
"58","Activités d’édition"
"581","Édition de livres, revues et autres activités d’édition"
"5811","Édition de livres"
"5812","Édition d’annuaires et de fichiers d’adresses"
"5813","Édition de journaux, revues professionnelles, et périodiques"
"5819","Autres activités d’édition"
"582","Édition de logiciels"
"5820","Édition de logiciels"
"59","Activités de production de films cinématographiques et vidéo, de programmes de télévision, d’enregistrements sonores et d’édition musicale"
"591","Activités de production de films cinématographiques et vidéo, et de programmes de télévision"
"5911","Activités de production de films cinématographiques et vidéo, et de programmes de télévision"
"5912","Activités consécutives à la production de films cinématographiques et vidéo, et de programmes de télévision"
"5913","Activités de distribution de films cinématographiques et vidéo, et de programmes de télévision"
"5914","Activités de projection de films cinématographiques"
"592","Activités d’enregistrement du son et d’édition musicale."
"5920","Activités d’enregistrement du son et d’édition musicale."
"60","Activités de programmation et de diffusion"
"601","Radiodiffusion"
"6010","Radiodiffusion"
"602","Activités de production et de diffusion de programmes de télévision"
"6020","Activités de production et de diffusion de programmes de télévision"
"61","Télécommunications"
"611","Activités de télécommunications par câble"
"6110","Activités de télécommunications par câble"
"612","Activités de télécommunications sans fil"
"6120","Activités de télécommunications sans fil"
"613","Activités de télécommunications par satellite"
"6130","Activités de télécommunications par satellite"
"619","Autres activités de télécommunications"
"6190","Autres activités de télécommunications"
"62","Programmation informatique; conseils et activités connexes"
"620","Programmation informatique; conseils et activités connexes"
"6201","Activités de programmation informatique"
"6202","Activités de conseils en matière informatique, et de gestion des moyens informatiques"
"6209","Autres activités de services concernant la technologie de l’information et l’informatique"
"63","Activités de services d’information"
"631","Activités de traitement des données, d’hébergement et activités connexes; portails d’entrée sur le Web"
"6311","Traitement de données, hébergement et activités connexes"
"6312","Portails d’entrée sur le Web"
"639","Autres activités de services d’information"
"6391","Activités d’agence de presse"
"6399","Autres activités de services d’information, n.c.a."
"K","Activités financières et d’assurances"
"64","Activités de services financiers, à l’exception des assurances et des caisses de retraite"
"641","Intermédiation monétaire"
"6411","Activités de banques centrales"
"6419","Autres intermédiations monétaires"
"642","Activités des sociétés de portefeuille"
"6420","Activités des sociétés de portefeuille"
"643","Fonds fiduciaires, fonds et entités financières analogues"
"6430","Fonds fiduciaires, fonds et entités financières analogues"
"649","Autres activités de services financiers, à l’exception des activités d’assurances et de caisses de retraite"
"6491","Crédit-bail"
"6492","Autres activités de crédit"
"6499","Autres activités de services financiers, à l’exception des activités d’assurance et de caisses de retraite, n.c.a."
"65","Activités d’assurances, réassurance et de caisses de retraite, à l’exception de la sécurité sociale obligatoire"
"651","Activités d’assurances"
"6511","Activités d’assurances sur la vie"
"6512","Activités d’assurances autres que sur la vie"
"652","Activités de réassurance"
"6520","Activités de réassurance"
"653","Activités de caisses de retraite"
"6530","Activités de caisses de retraite"
"66","Activités auxiliaires des services financiers et des assurances"
"661","Activités auxiliaires des services financiers à l’exception des assurances et des caisses de retraite"
"6611","Administration de marchés financiers"
"6612","Activités de courtage en contrats de valeurs et de produits"
"6619","Autres activités auxiliaires des activités de services financiers"
"662","Activités auxiliaires de financement des assurances et caisses de retraite"
"6621","Évaluation de risque d’assurance et de dommages"
"6622","Activités des agents d’assurance et des courtiers"
"6629","Autres activités auxiliaires de financement des assurances et caisses de retraite"
"663","Activités de gestion de fonds"
"6630","Activités de gestion de fonds"
"L","Activités immobilières"
"68","Activités immobilières"
"681","Activités immobilières sur biens propres ou loués"
"6810","Activités immobilières sur biens propres ou loués"
"682","Activités immobilières à forfait ou sous contrat"
"6820","Activités immobilières à forfait ou sous contrat"
"M","Activités professionnelles, scientifiques et techniques"
"69","Activités juridiques et comptables"
"691","Activités juridiques"
"6910","Activités juridiques"
"692","Activités comptables et d’audit; conseil fiscal"
"6920","Activités comptables et d’audit; conseil fiscal"
"70","Activités de bureaux principaux; activités de conseils en matière de gestion"
"701","Activités de bureaux principaux"
"7010","Activités de bureaux principaux"
"702","Activités de conseils en matière de gestion"
"7020","Activités de conseils en matière de gestion"
"71","Activités d’architecture et d’ingénierie; activités d’essais et d’analyses techniques"
"711","Activités d’architecture et d’ingénierie et de conseils techniques connexes"
"7110","Activités d’architecture et d’ingénierie et de conseils techniques connexes"
"712","Activités d’essais et d’analyses techniques"
"7120","Activités d’essais et d’analyses techniques"
"72","Recherche scientifique et développement"
"721","Recherche-développement expérimental en sciences physiques et naturelles et en ingénierie"
"7210","Recherche-développement expérimental en sciences physiques et naturelles et en ingénierie"
"722","Recherche-développement expérimental en sciences sociales et humaines"
"7220","Recherche-développement expérimental en sciences sociales et humaines"
"73","Publicité et études de marché"
"731","Publicité"
"7310","Publicité"
"732","Activités d’études de marché et de sondage"
"7320","Activités d’études de marché et de sondage"
"74","Autres activités professionnelles, scientifiques et techniques"
"741","Activités de conception de modèles"
"7410","Activités de conception de modèles"
"742","Activités photographiques"
"7420","Activités photographiques"
"749","Autres activités professionnelles, scientifiques et techniques, n.c.a."
"7490","Autres activités professionnelles, scientifiques et techniques, n.c.a."
"75","Activités de services vétérinaires"
"750","Activités de services vétérinaires"
"7500","Activités de services vétérinaires"
"N","Activités de services administratifs et d’appui"
"77","Activités de location"
"771","Location de véhicules automobiles"
"7710","Location de véhicules automobiles"
"772","Location d’articles personnels ou ménagers"
"7721","Location d’articles pour le sport et les loisirs"
"7722","Location de vidéocassettes et de vidéodisques"
"7729","Location d’autres articles personnels ou ménagers"
"773","Location d’autres machines, équipement et biens corporels"
"7730","Location d’autres machines, équipement et biens corporels"
"774","Location de produits de la propriété intellectuelle et d’autres produits similaires, à l’exception des droits d’auteur"
"7740","Location de produits de la propriété intellectuelle et d’autres produits similaires, à l’exception des droits d’auteur"
"78","Activités relatives à l’emploi"
"781","Activités des agences de placement"
"7810","Activités des agences de placement"
"782","Activités des agences d’emploi temporaire"
"7820","Activités des agences d’emploi temporaire"
"783","Autres activités de fourniture de personnel"
"7830","Autres activités de fourniture de personnel"
"79","Activités des agences de voyages, voyagistes, services de réservation et activités connexes"
"791","Activités des agences de voyages et des voyagistes"
"7911","Activités des agences de voyages"
"7912","Activités des voyagistes"
"799","Autres activités des services de réservation et activités connexes"
"7990","Autres activités des services de réservation et activités connexes"
"80","Activités d’enquêtes et de sécurité"
"801","Activités de services de sécurité privés"
"8010","Activités de services de sécurité privés"
"802","Activités des services de systèmes de sécurité"
"8020","Activités des services de systèmes de sécurité"
"803","Activités d’enquête"
"8030","Activités d’enquête"
"81","Activités des services concernant les bâtiments, architecture paysagère"
"811","Activités d’appui aux installations intégrées"
"8110","Activités d’appui aux installations intégrées"
"812","Activités de nettoyage"
"8121","Nettoyage général des bâtiments"
"8129","Autres activités de nettoyage de bâtiments et de nettoyage industriel"
"813","Activités des services d’entretien des espaces verts"
"8130","Activités des services d’entretien des espaces verts"
"82","Activités d’appui administratif, de secrétariat, et autres activités d’appui aux entreprises"
"821","Activités d’appui administratif"
"8211","Activités des services intégrés d’appui administratif"
"8219","Photocopie, préparation de documents et autres activités spécialisées d’appui aux bureaux"
"822","Activités des centres d’appel"
"8220","Activités des centres d’appel"
"823","Organisation de congrès et de foires commerciales"
"8230","Organisation de congrès et de foires commerciales"
"829","Activités de services d’appui aux entreprises, n.c.a."
"8291","Activités des agences de recouvrement et de crédit"
"8292","Activités de conditionnement"
"8299","Autres activités de services aux entreprises, n.c.a."
"O","Administration publique et défense; sécurité sociale obligatoire"
"84","Administration publique et défense; sécurité sociale obligatoire"
"841","Administration générale; administration de la politique économique et sociale"
"8411","Activités d’administration publique générale"
"8412","Tutelle des activités des organismes qui s’occupent de santé, d’éducation, de culture et d’autres activités sociales, à l’exception de la sécurité sociale"
"8413","Réglementation de l’exploitation des entreprises et contribution à l’amélioration de son efficacité"
"842","Services fournis à l’ensemble de la collectivité"
"8421","Affaires étrangères"
"8422","Activités de défense"
"8423","Activités de maintien de l’ordre et de la sécurité publics"
"843","Activités de sécurité sociale obligatoire"
"8430","Activités de sécurité sociale obligatoire"
"P","Éducation"
"85","Éducation"
"851","Activités d’enseignement préprimaire et primaire"
"8510","Activités d’enseignement préprimaire et primaire"
"852","Activités d’enseignement secondaire"
"8521","Activités d’enseignement secondaire général"
"8522","Activités d’enseignement secondaire technique et professionnel"
"853","Activités d’enseignement supérieur"
"8530","Activités d’enseignement supérieur"
"854","Autres activités d’enseignement"
"8541","Activités d’enseignement lié aux sports et aux loisirs"
"8542","Activités d’enseignement à caractère culturel"
"8549","Autres activités d’enseignement, n.c.a."
"855","Activités d’appui pédagogique"
"8550","Activités d’appui pédagogique"
"Q","Santé et et activités d’action sociale"
"86","Activités relatives à la santé"
"861","Activités hospitalières"
"8610","Activités hospitalières"
"862","Activités de pratique médicale et dentaire"
"8620","Activités de pratique médicale et dentaire"
"869","Autres activités relatives à la santé"
"8690","Autres activités relatives à la santé"
"87","Activités de soins de santé dispensés en établissement"
"871","Installations de soins de santé en établissement hospitalier"
"8710","Installations de soins de santé en établissement hospitalier"
"872","Activités de soins de santé pour retardés mentaux, malades mentaux et toxicomanes"
"8720","Activités de soins de santé pour retardés mentaux, malades mentaux et toxicomanes"
"873","Activités de soins de santé en établissement hospitalier pour les personnes âgées et les handicapés"
"8730","Activités de soins de santé en établissement hospitalier pour les personnes âgées et les handicapés"
"879","Autres activités de soins de santé en établissement hospitalier"
"8790","Autres activités de soins de santé en établissement hospitalier"
"88","Activités d’action sociale sans hébergement"
"881","Activités d’action sociale sans hébergement pour les personnes âgées et les handicapés"
"8810","Activités d’action sociale sans hébergement pour les personnes âgées et les handicapés"
"889","Autres activités d’action sociale sans hébergement"
"8890","Autres activités d’action sociale sans hébergement"
"R","Arts, spectacles et loisirs"
"90","Activités créatives, arts et spectacles"
"900","Activités créatives, arts et spectacles"
"9000","Activités créatives, arts et spectacles"
"91","Activités des bibliothèques, archives, musées et autres activités culturelles"
"910","Activités des bibliothèques, archives, musées et autres activités culturelles"
"9101","Activités des bibliothèques et archives"
"9102","Activités des musées et exploitation de sites et monuments historiques"
"9103","Activités des jardins botaniques et zoologiques et des réserves naturelles"
"92","Activités de jeux de hasard et de pari"
"920","Activités de jeux de hasard et de pari"
"9200","Activités de jeux de hasard et de pari"
"93","Activités sportives et de loisirs et activités récréatives"
"931","Activités sportives"
"9311","Exploitation d’installations sportives"
"9312","Activités des clubs sportifs"
"9319","Autres activités sportives"
"932","Autres activités récréatives et de loisirs"
"9321","Activités des parcs d’attraction et à thèmes"
"9329","Autres activités récréatives et de loisirs, n.c.a."
"S","Autres activités de services"
"94","Activités des organisations associatives"
"941","Activités d’organisations associatives économiques, patronales et professionnelles"
"9411","Activités d’organisations associatives économiques et patronales"
"9412","Activités d’organisations associatives professionnelles"
"942","Activités de syndicats de salariés"
"9420","Activités de syndicats de salariés"
"949","Activités d’autres organisations associatives"
"9491","Activités d’organisations religieuses"
"9492","Activités d’organisations politiques"
"9499","Activités d’autres organisations associatives, n.c.a."
"95","Activités de réparation d’ordinateurs et d’articles personnels et ménagers"
"951","Réparation d’ordinateurs et de matériel de communication"
"9511","Réparation d’ordinateurs et de matériel périphérique"
"9512","Réparation de matériel de communication"
"952","Réparation d’articles personnels et ménagers"
"9521","Réparation de biens de consommation : matériel électronique"
"9522","Réparation d’appareils ménagers et de matériel pour la maison et le jardin"
"9523","Réparation de chaussures et d’articles de cuir"
"9524","Réparation de mobilier et de meubles de maison"
"9529","Réparation d’autres articles personnels et ménagers"
"96","Autres activités de services personnels"
"960","Autres activités de services personnels"
"9601","Lavage et nettoyage à sec de textiles et de fourrures"
"9602","Coiffure et autres soins esthétiques"
"9603","Activités de pompes funèbres et activités connexes"
"9609","Autres activités de services personnels, n.c.a."
"T","Activités des ménages privés employant du personnel domestique; activités non différenciées de production de biens et de services des ménages privés pour usage propre"
"97","Activités des ménages privés employant du personnel domestique"
"970","Activités des ménages privés employant du personnel domestique"
"9700","Activités des ménages privés employant du personnel domestique"
"98","Activités non différenciées de production de biens et de services des ménages privés pour usage propre"
"981","Activités non différenciées de production de biens des ménages privés pour usage propre"
"9810","Activités non différenciées de production de biens des ménages privés pour usage propre"
"982","Activités non différenciées de production de services des ménages privés pour usage propre"
"9820","Activités non différenciées de production de services des ménages privés pour usage propre"
"U","Activités des organisations et organismes extra-territoriaux"
"99","Activités des organisations et organismes extra-territoriaux"
"990","Activités des organisations et organismes extra-territoriaux"
"9900","Activités des organisations et organismes extra-territoriaux"